preview,tags,title,type,id
C:\Program Files (x86)\Steam\steamapps\workshop\content\431960\1087763654\preview.jpg,['Anime'],isla,Scene,1087763654
C:\Program Files (x86)\Steam\steamapps\workshop\content\431960\1114779273\preview.jpg,['Anime'],Angel Beats!,Scene,1114779273
C:\Program Files (x86)\Steam\steamapps\workshop\content\431960\1132528332\preview.jpg,['Anime'],(ã‚¢ã‚¤ãƒ© Aira) & (æ°´æŸ¿ ãƒ„ã‚«ã‚µ Mizugaki Tsukasa) Rainy,Scene,1132528332
C:\Program Files (x86)\Steam\steamapps\workshop\content\431960\1134644845\preview.jpg,['Anime'],Yosuga No Sora  1920*1080,Scene,1134644845
C:\Program Files (x86)\Steam\steamapps\workshop\content\431960\1270705307\preview.jpg,['Anime'],Yosuga no Sora,Scene,1270705307
C:\Program Files (x86)\Steam\steamapps\workshop\content\431960\1322060341\preview.jpg,['Anime'],Angel Beats,Scene,1322060341
C:\Program Files (x86)\Steam\steamapps\workshop\content\431960\1326866242\preview.jpg,['Anime'],No Game No Life: Zero,Scene,1326866242
C:\Program Files (x86)\Steam\steamapps\workshop\content\431960\1328830464\preview.jpg,['Anime'],Violet Evergarden 4K,Scene,1328830464
C:\Program Files (x86)\Steam\steamapps\workshop\content\431960\1350649357\preview.jpg,['Anime'],Clannad Nagisa,Scene,1350649357
C:\Program Files (x86)\Steam\steamapps\workshop\content\431960\1438265422\preview.jpg,['Anime'],Lugnica - Re:zero,Scene,1438265422
C:\Program Files (x86)\Steam\steamapps\workshop\content\431960\1508488816\preview.jpg,['Anime'],Charlotte,Scene,1508488816
C:\Program Files (x86)\Steam\steamapps\workshop\content\431960\1508591275\preview.jpg,['Anime'],Rem_Re:Zero,Scene,1508591275
C:\Program Files (x86)\Steam\steamapps\workshop\content\431960\1540644801\preview.jpg,['Anime'],"Isla - Plastic Memories + Opening ""Ring Of Fortune""",Scene,1540644801
C:\Program Files (x86)\Steam\steamapps\workshop\content\431960\1562410738\preview.jpg,['Anime'],ã€Šwhite albumã€‹æ·±å´æš®äººåŸç”»,Scene,1562410738
C:\Program Files (x86)\Steam\steamapps\workshop\content\431960\1583805134\preview.jpg,['Anime'],Clannad,Scene,1583805134
C:\Program Files (x86)\Steam\steamapps\workshop\content\431960\1599054024\preview.jpg,['Anime'],è–‡å°”è‰ç‰¹,Scene,1599054024
C:\Program Files (x86)\Steam\steamapps\workshop\content\431960\1624648680\preview.jpg,['Anime'],Yosuga no Sora,Scene,1624648680
C:\Program Files (x86)\Steam\steamapps\workshop\content\431960\1683158125\preview.jpg,['Anime'],Violet evergarden,Scene,1683158125
C:\Program Files (x86)\Steam\steamapps\workshop\content\431960\1725015419\preview.jpg,['Anime'],Re:zero,Scene,1725015419
C:\Program Files (x86)\Steam\steamapps\workshop\content\431960\1755633655\preview.jpg,['Sci-fi'],Sunset Cityscape,Scene,1755633655
C:\Program Files (x86)\Steam\steamapps\workshop\content\431960\1771104679\preview.jpg,['Anime'],Charlotte,Scene,1771104679
C:\Program Files (x86)\Steam\steamapps\workshop\content\431960\1771345034\preview.gif,['Anime'],å¤æ´›ç‰¹ Charlotte ED,Scene,1771345034
C:\Program Files (x86)\Steam\steamapps\workshop\content\431960\1807686861\preview.jpg,['Anime'],ISLAND,Scene,1807686861
C:\Program Files (x86)\Steam\steamapps\workshop\content\431960\1815251277\preview.jpg,['Landscape'],Sunset City,Scene,1815251277
C:\Program Files (x86)\Steam\steamapps\workshop\content\431960\1817638950\preview.gif,['Anime'],ç¼˜ä¹‹ç©º~æ˜¥æ—¥é‡ç©¹ ç©¹å¦¹æ³¡æ¾¡ yosuga no sora ~ Kasugano Sora,Scene,1817638950
C:\Program Files (x86)\Steam\steamapps\workshop\content\431960\1894103009\preview.jpg,['Anime'],è–‡å°”è‰ç‰¹,Scene,1894103009
C:\Program Files (x86)\Steam\steamapps\workshop\content\431960\1905083316\preview.gif,['Anime'],Isla,Scene,1905083316
C:\Program Files (x86)\Steam\steamapps\workshop\content\431960\1947729922\preview.jpg,['Anime'],è–‡å°”è‰ç‰¹,Video,1947729922
C:\Program Files (x86)\Steam\steamapps\workshop\content\431960\1959466575\preview.jpg,['Anime'],ç´«ç½—å…°æ°¸æ’èŠ±å›­ è–‡å°”è‰ç‰¹ Violet 4K,Scene,1959466575
C:\Program Files (x86)\Steam\steamapps\workshop\content\431960\1988287769\preview.jpg,['Anime'],å¤©ä½¿çš„å¿ƒè·³ Angel Beats ç«‹åå¥,Scene,1988287769
C:\Program Files (x86)\Steam\steamapps\workshop\content\431960\2059264589\preview.jpg,['Anime'],Clannad,Scene,2059264589
C:\Program Files (x86)\Steam\steamapps\workshop\content\431960\2133834832\preview.jpg,['Anime'],white album æ·±å´æš®äººåŸç”»,Scene,2133834832
C:\Program Files (x86)\Steam\steamapps\workshop\content\431960\2188368235\preview.jpg,['Anime'],Rem,Scene,2188368235
C:\Program Files (x86)\Steam\steamapps\workshop\content\431960\2223183226\preview.jpg,['Anime'],è–‡å°”è‰ç‰¹,Scene,2223183226
C:\Program Files (x86)\Steam\steamapps\workshop\content\431960\2226686012\preview.jpg,['Anime'],Isla - Plastic Memories,Scene,2226686012
C:\Program Files (x86)\Steam\steamapps\workshop\content\431960\2281434833\preview.gif,['Anime'],Violet Evergarden - Sincerely,Scene,2281434833
C:\Program Files (x86)\Steam\steamapps\workshop\content\431960\2295113695\preview.jpg,['Anime'],| Charlotte | Nao Tomori | Sunset |,Scene,2295113695
C:\Program Files (x86)\Steam\steamapps\workshop\content\431960\2309713858\preview.jpg,['Fantasy'],Sunset in your room,Scene,2309713858
C:\Program Files (x86)\Steam\steamapps\workshop\content\431960\2365789916\preview.jpg,['Anime'],Clannad - Nagisa Furukawa [Audio Visualizer],Scene,2365789916
C:\Program Files (x86)\Steam\steamapps\workshop\content\431960\2365994050\preview.jpg,['Anime'],WHITE ALBUM2 å°æœ¨æ›¾é›ªèœ,Scene,2365994050
C:\Program Files (x86)\Steam\steamapps\workshop\content\431960\2427279752\preview.gif,['Anime'],Isla [4K],Scene,2427279752
C:\Program Files (x86)\Steam\steamapps\workshop\content\431960\2463434550\preview.jpg,['Anime'],EIGHTY SIX (86),Scene,2463434550
C:\Program Files (x86)\Steam\steamapps\workshop\content\431960\2481858447\preview.jpg,['Anime'],Re:Zero | Echidna,Scene,2481858447
C:\Program Files (x86)\Steam\steamapps\workshop\content\431960\2549370785\preview.jpg,['Anime'],86â€•ã‚¨ã‚¤ãƒ†ã‚£ã‚·ãƒƒã‚¯ã‚¹â€• (EIGHTY SIX),Scene,2549370785
C:\Program Files (x86)\Steam\steamapps\workshop\content\431960\2599989258\preview.gif,['Landscape'],Sunset Ocean [4K],Scene,2599989258
C:\Program Files (x86)\Steam\steamapps\workshop\content\431960\2664835557\preview.gif,['Anime'],86 - Eighty Six Shinei Nouzen [4K],Scene,2664835557
C:\Program Files (x86)\Steam\steamapps\workshop\content\431960\2667201205\preview.jpg,['Anime'],è–‡å°”è‰ç‰¹,Scene,2667201205
C:\Program Files (x86)\Steam\steamapps\workshop\content\431960\2711242641\preview.jpg,['Cartoon'],è–‡å°”è‰ç‰¹,Video,2711242641
C:\Program Files (x86)\Steam\steamapps\workshop\content\431960\2739983016\preview.jpg,['Anime'],è–‡å°”è‰ç‰¹,Scene,2739983016
C:\Program Files (x86)\Steam\steamapps\workshop\content\431960\2782201911\preview.jpg,['Anime'],86-ã‚¨ã‚¤ãƒ†ã‚£ã‚·ãƒƒã‚¯ã‚¹-,Scene,2782201911
C:\Program Files (x86)\Steam\steamapps\workshop\content\431960\2782660200\preview.jpg,['Anime'],86 Lena,Scene,2782660200
C:\Program Files (x86)\Steam\steamapps\workshop\content\431960\2791423325\preview.jpg,['Anime'],è–‡å°”è‰ç‰¹,Video,2791423325
C:\Program Files (x86)\Steam\steamapps\workshop\content\431960\2796700868\preview.jpg,['Anime'],è–‡å°”è‰ç‰¹,Scene,2796700868
C:\Program Files (x86)\Steam\steamapps\workshop\content\431960\2799941869\preview.jpg,['Anime'],è–‡å°”è‰ç‰¹ãƒ´ã‚¡ã‚¤ã‚ªãƒ¬ãƒƒãƒˆViolet ã€4Kã€‘,Scene,2799941869
C:\Program Files (x86)\Steam\steamapps\workshop\content\431960\2813277933\preview.jpg,['Anime'],Soraâ€˜s elfï¼ˆX-Rayï¼‰,Scene,2813277933
C:\Program Files (x86)\Steam\steamapps\workshop\content\431960\2826720105\preview.jpg,['Anime'],Clannad After Story Wallpaper,Scene,2826720105
C:\Program Files (x86)\Steam\steamapps\workshop\content\431960\2831174267\preview.gif,['Anime'],éº»åŒª Lycoris Recoil 21:9 16:9,Scene,2831174267
C:\Program Files (x86)\Steam\steamapps\workshop\content\431960\2856325323\preview.gif,['Anime'],âœLycoris Recoil è‰å¯ä¸½ä¸,Scene,2856325323
C:\Program Files (x86)\Steam\steamapps\workshop\content\431960\2857263038\preview.jpg,['Anime'],Lycoris RecoilåƒæŸæ³·å¥ˆ,Scene,2857263038
C:\Program Files (x86)\Steam\steamapps\workshop\content\431960\2858057127\preview.gif,['Anime'],86-eighty six*,Scene,2858057127
C:\Program Files (x86)\Steam\steamapps\workshop\content\431960\2883391341\preview.jpg,['Anime'],è–‡å°”è‰ç‰¹,Video,2883391341
C:\Program Files (x86)\Steam\steamapps\workshop\content\431960\2896608544\preview.gif,['Anime'],Hello world by Ashima | 4K Parallax,Scene,2896608544
C:\Program Files (x86)\Steam\steamapps\workshop\content\431960\2898591062\preview.jpg,['Anime'],Lycoris Recoil è‰å¯ä¸½ä¸-4K,Scene,2898591062
C:\Program Files (x86)\Steam\steamapps\workshop\content\431960\2902344280\preview.jpg,['Anime'],å‹åˆ©å¥ˆç»ª,Scene,2902344280
C:\Program Files (x86)\Steam\steamapps\workshop\content\431960\2902406982\preview.gif,['Cyberpunk'],éº»åŒª æœˆåŠä¸é¬¼å“­ æ‰€æœ‰å…ƒç´ è‡ªå®šä¹‰,Scene,2902406982
C:\Program Files (x86)\Steam\steamapps\workshop\content\431960\2904498563\preview.gif,['Anime'],Anime Girl - 4k Ultra HD [V1] + Media Integration,Scene,2904498563
C:\Program Files (x86)\Steam\steamapps\workshop\content\431960\2936201238\preview.gif,['Anime'],å±±ç”°å‡‰,Scene,2936201238
C:\Program Files (x86)\Steam\steamapps\workshop\content\431960\2936559492\preview.jpg,['Anime'],Charlotte123,Scene,2936559492
C:\Program Files (x86)\Steam\steamapps\workshop\content\431960\2937346640\preview.gif,['Anime'],Lycoris Recoil-é”¦æœ¨åƒæŸ/Nishikigi Chisato,Scene,2937346640
C:\Program Files (x86)\Steam\steamapps\workshop\content\431960\2937697225\preview.jpg,['Anime'],Lycoris Recoil-äº•ä¸Šæ³·å¥ˆ/Takina Inoue 3,Scene,2937697225
C:\Program Files (x86)\Steam\steamapps\workshop\content\431960\2937728250\preview.jpg,['Anime'],Lycoris Recoil-é”¦æœ¨åƒæŸ/Nishikigi Chisato 17,Scene,2937728250
C:\Program Files (x86)\Steam\steamapps\workshop\content\431960\2938612768\preview.gif,['Music'],éº»åŒª éŸ³é¢‘è¯†åˆ« Media Player,Scene,2938612768
C:\Program Files (x86)\Steam\steamapps\workshop\content\431960\2941751442\preview.jpg,['Girls'],4K è‰å¯ä¸½ä¸ åƒæŸÃ—æ³·å¥ˆ å¯çˆ±è£¸è¶³ 4K Lycoris ChisatoÃ—Takina cute bare feet,Scene,2941751442
C:\Program Files (x86)\Steam\steamapps\workshop\content\431960\2942194306\preview.jpg,['Anime'],Lycoris Recoil-äº•ä¸Šæ³·å¥ˆ/Takina Inoue 17,Scene,2942194306
C:\Program Files (x86)\Steam\steamapps\workshop\content\431960\2962090788\preview.jpg,['Anime'],æ˜Ÿé‡çˆ± ï¼ˆæˆ‘æ¨çš„å­©å­ï¼‰,Scene,2962090788
C:\Program Files (x86)\Steam\steamapps\workshop\content\431960\2962192750\preview.jpg,['Anime'],æ˜Ÿé‡çˆ±æ•²å¯çˆ±,Video,2962192750
C:\Program Files (x86)\Steam\steamapps\workshop\content\431960\2965311751\preview.jpg,['Anime'],CLANNAD-å¤æ²³æ¸š/Furukawa Nagisa,Scene,2965311751
C:\Program Files (x86)\Steam\steamapps\workshop\content\431960\2970413889\preview.jpg,['Anime'],lycoris recoil / x-ray,Scene,2970413889
C:\Program Files (x86)\Steam\steamapps\workshop\content\431960\2975174217\preview.jpg,['Cartoon'],æ˜Ÿé‡çˆ±é™æ€aiç”Ÿæˆå›¾ç‰‡,Scene,2975174217
C:\Program Files (x86)\Steam\steamapps\workshop\content\431960\2978143690\preview.jpg,['Anime'],Charlotte å¤æ´›ç‰¹ å‹åˆ©å¥ˆç»ª,Scene,2978143690
C:\Program Files (x86)\Steam\steamapps\workshop\content\431960\2981179334\preview.jpg,['Anime'],è–‡å°”è‰ç‰¹,None,2981179334
C:\Program Files (x86)\Steam\steamapps\workshop\content\431960\2992780512\preview.gif,['Anime'],æˆ‘å•Šï¼Œæ˜¯ä½ çš„æ‹äººï¼å‹åˆ©å¥ˆç»ª-å¤æ´›ç‰¹-Charlotte,Scene,2992780512
C:\Program Files (x86)\Steam\steamapps\workshop\content\431960\3098540596\preview.gif,['Anime'],Frieren: Beyond Journey's End [4K],Scene,3098540596
C:\Program Files (x86)\Steam\steamapps\workshop\content\431960\3100052627\preview.gif,['Anime'],Frieren | Sousou no Frieren,Scene,3100052627
C:\Program Files (x86)\Steam\steamapps\workshop\content\431960\3104057965\preview.gif,['Anime'],"èŠ™è‰è²ï¼šçœ‹åˆ°äº†å—ï¼Ÿè¾›ç¾å°”ï¼Œæ˜¯è‹æœˆè‰  -Frierenï¼šDo you see itï¼ŒSimmel,it's Nemophilaï¼ˆè¯•ä½œ336ï¼‰",Scene,3104057965
C:\Program Files (x86)\Steam\steamapps\workshop\content\431960\3106927408\preview.gif,['Anime'],Charlotte å‹åˆ©å¥ˆç»ª,Scene,3106927408
C:\Program Files (x86)\Steam\steamapps\workshop\content\431960\3115924255\preview.jpg,['Anime'],Chisato (X-Ray),Scene,3115924255
C:\Program Files (x86)\Steam\steamapps\workshop\content\431960\3115947640\preview.jpg,['Anime'],Chisato & Rikka (X-Ray),Scene,3115947640
C:\Program Files (x86)\Steam\steamapps\workshop\content\431960\3121180038\preview.gif,['Anime'],Frieren / èŠ™è‰è² (The Frieren: Beyond Journey's End),Scene,3121180038
C:\Program Files (x86)\Steam\steamapps\workshop\content\431960\3131096011\preview.gif,['Anime'],[2k] [Media Visualizer] Frieren Sousou No Frieren,Scene,3131096011
C:\Program Files (x86)\Steam\steamapps\workshop\content\431960\3134238402\preview.jpg,['Anime'],ğŸª·FrierenğŸª·,Scene,3134238402
C:\Program Files (x86)\Steam\steamapps\workshop\content\431960\3145797274\preview.jpg,['Anime'],Isla | Plastic Memories,Scene,3145797274
C:\Program Files (x86)\Steam\steamapps\workshop\content\431960\3155776049\preview.gif,['Pixel art'],Pixel Desktop,Scene,3155776049
C:\Program Files (x86)\Steam\steamapps\workshop\content\431960\3156992356\preview.jpg,['Anime'],Fern (X-Ray),Scene,3156992356
C:\Program Files (x86)\Steam\steamapps\workshop\content\431960\3157130809\preview.jpg,['Anime'],Frieren (X-Ray),Scene,3157130809
C:\Program Files (x86)\Steam\steamapps\workshop\content\431960\3157137542\preview.jpg,['Anime'],Frieren (X-Ray),Scene,3157137542
C:\Program Files (x86)\Steam\steamapps\workshop\content\431960\3158890056\preview.gif,['Anime'],èŠ™è‰è² frieren,Scene,3158890056
C:\Program Files (x86)\Steam\steamapps\workshop\content\431960\3172035117\preview.gif,['Anime'],Frieren - Fern dancers,Scene,3172035117
C:\Program Files (x86)\Steam\steamapps\workshop\content\431960\3189982144\preview.gif,['Relaxing'],Rippling Waves 4k,Scene,3189982144
C:\Program Files (x86)\Steam\steamapps\workshop\content\431960\3242077392\preview.jpg,['Girls'],Clannad å¤æ²³æ¸š æ¨±èŠ±æ ‘ä¸‹ 4.0ç«–å±/å‰¯å±ç”¨ æœ€ç»ˆç‰ˆï¼ˆåº”è¯¥æ˜¯ï¼‰,Scene,3242077392
C:\Program Files (x86)\Steam\steamapps\workshop\content\431960\3243083499\preview.jpg,['Anime'],Rem ãƒ¬ãƒ  é›·å§†,Scene,3243083499
C:\Program Files (x86)\Steam\steamapps\workshop\content\431960\3244917838\preview.jpg,['Anime'],èŠ™è‰è²,Scene,3244917838
C:\Program Files (x86)\Steam\steamapps\workshop\content\431960\3261523697\preview.jpg,['Anime'],è´å°”æ‘©å¾·,Scene,3261523697
C:\Program Files (x86)\Steam\steamapps\workshop\content\431960\3279413384\preview.jpg,['Anime'],è´å°”æ‘©å¾·,Scene,3279413384
C:\Program Files (x86)\Steam\steamapps\workshop\content\431960\3286929730\preview.jpg,['Anime'],è´å°”æ‘©å¾·  éŸ³é¢‘å“åº”+æ—¶é—´,Scene,3286929730
C:\Program Files (x86)\Steam\steamapps\workshop\content\431960\3287630959\preview.jpg,['Anime'],æˆ‘æ¨çš„å­©å­â€”æ˜Ÿé‡çˆ±â€” 3840x2160,Scene,3287630959
C:\Program Files (x86)\Steam\steamapps\workshop\content\431960\3290491250\preview.jpg,['Anime'],frieren,Scene,3290491250
C:\Program Files (x86)\Steam\steamapps\workshop\content\431960\3291327782\preview.jpg,['Anime'],Rem:å¤æ—¥æ³³è£…é›·å§†,Scene,3291327782
C:\Program Files (x86)\Steam\steamapps\workshop\content\431960\3294778748\preview.jpg,['Anime'],charlotte,None,3294778748
C:\Program Files (x86)\Steam\steamapps\workshop\content\431960\3303300849\preview.jpg,['Anime'],[White Album2\ç™½è‰²ç›¸ç°¿2]æ™‚ã®é­”æ³•,Scene,3303300849
C:\Program Files (x86)\Steam\steamapps\workshop\content\431960\3304642534\preview.jpg,['Music'],åå¥è¿›è¡Œæ›²â€”Genshin ç”˜é›¨ï¼ˆå–œæ¬¢çš„è¯è®°å¾—ç»™ä¸ªäº”æ˜Ÿ/ç‚¹èµå“¦~(ç¬Âºâ€¿Âºç¬)â™¡ï¼‰,Scene,3304642534
C:\Program Files (x86)\Steam\steamapps\workshop\content\431960\3314492008\preview.gif,['Anime'],ä¸–ç•Œå¾ˆæ¸©æŸ” â€”ã€Šé¾™æ—ã€‹ä¸Šæ‰ç»˜æ¢¨è¡£ã€4K60å¸§ä¿®è¡¥ç‰ˆã€‘ï¼ˆå–œæ¬¢çš„è¯å°±ç‚¹ä¸ªèµå‘—~(â—â€¢á´—â€¢â—)â¤ï¼‰,Video,3314492008
C:\Program Files (x86)\Steam\steamapps\workshop\content\431960\3352465485\preview.gif,['Anime'],Lost Cat.,Scene,3352465485
C:\Program Files (x86)\Steam\steamapps\workshop\content\431960\3358384266\preview.gif,['Anime'],Sound of Rain,Scene,3358384266
C:\Program Files (x86)\Steam\steamapps\workshop\content\431960\3374791304\preview.gif,['Anime'],white album 2,Scene,3374791304
C:\Program Files (x86)\Steam\steamapps\workshop\content\431960\875617215\preview.jpg,['Anime'],In the Snow - Anime [1080p],Video,875617215
C:\Program Files (x86)\Steam\steamapps\workshop\content\431960\906985158\preview.jpg,['Anime'],Angel Beats - Kanade Tachibana,Scene,906985158
